requirement_id,source,owning_workstream,implementation_task,verification_task,qualifying_test,required_backend,expected_evidence,target_gate,current_baseline_status
BR-001,DEC-016,WS-13,OCOR-DEV-0067,OCOR-DEV-0065,requirement-bound synthetic mission-thread case,selected real C1-C8 service stack,reports/evidence/G6/BR-001.json + raw-log hash,G6,PARTIALLY_IMPLEMENTED
BR-002,DEC-017,WS-01,OCOR-DEV-0009,OCOR-DEV-0065,requirement-bound synthetic mission-thread case,selected real C1-C8 service stack,reports/evidence/G6/BR-002.json + raw-log hash,G6,PARTIALLY_IMPLEMENTED
BR-003,DEC-018,WS-13,OCOR-DEV-0069,OCOR-DEV-0065,requirement-bound synthetic mission-thread case,selected real C1-C8 service stack,reports/evidence/G6/BR-003.json + raw-log hash,G6,PARTIALLY_IMPLEMENTED
BR-004,DEC-019,WS-01,OCOR-DEV-0009,OCOR-DEV-0065,requirement-bound synthetic mission-thread case,selected real C1-C8 service stack,reports/evidence/G6/BR-004.json + raw-log hash,G6,PARTIALLY_IMPLEMENTED
BR-005,DEC-022,WS-07,OCOR-DEV-0043,OCOR-DEV-0063,44-FSM positive/negative/durable-effect case,PostgreSQL + OPA/Keycloak + action adapter,reports/evidence/G6/BR-005.json + raw-log hash,G6,PARTIALLY_IMPLEMENTED
BR-006,DEC-023,WS-01,OCOR-DEV-0009,OCOR-DEV-0065,requirement-bound synthetic mission-thread case,selected real C1-C8 service stack,reports/evidence/G6/BR-006.json + raw-log hash,G6,PARTIALLY_IMPLEMENTED
BR-007,DEC-024,WS-11,OCOR-DEV-0048,OCOR-DEV-0064,security and non-interference fault case,OPA/Keycloak/SPIFFE/OpenBao,reports/evidence/G6/BR-007.json + raw-log hash,G6,DOCUMENTATION_ONLY
BR-008,"work/irb_2_4.md §Q2.1`; `DEC-030`; Decision Register `DEC-022`; Context Pack `ARC-001`, `ARC-016`; Prompt Master `IRB-2`.",WS-07,OCOR-DEV-0043,OCOR-DEV-0063,44-FSM positive/negative/durable-effect case,PostgreSQL + OPA/Keycloak + action adapter,reports/evidence/G6/BR-008.json + raw-log hash,G6,PARTIALLY_IMPLEMENTED
BR-009,"work/irb_2_4.md §Q3.1`; `DEC-038`; Decision Register `DEC-017`, `DEC-018`, `DEC-023–DEC-025`; Context Pack §4; Fonte B parti IV–VI.",WS-08,OCOR-DEV-0045,OCOR-DEV-0065,requirement-bound synthetic mission-thread case,selected real C1-C8 service stack,reports/evidence/G6/BR-009.json + raw-log hash,G6,ABSENT
BR-010,"work/irb_2_4.md §Q3.2`; `DEC-039`; Decision Register `DEC-018`, `DEC-023`, `DEC-024`; `BR-003`.",WS-07,OCOR-DEV-0043,OCOR-DEV-0063,44-FSM positive/negative/durable-effect case,PostgreSQL + OPA/Keycloak + action adapter,reports/evidence/G6/BR-010.json + raw-log hash,G6,PARTIALLY_IMPLEMENTED
BR-011,"work/irb_2_4.md §Q3.10`; `DEC-047`; Decision Register `DEC-017`, `DEC-018`, `DEC-026`, `DEC-027`; `BR-003`.",WS-07,OCOR-DEV-0043,OCOR-DEV-0063,44-FSM positive/negative/durable-effect case,PostgreSQL + OPA/Keycloak + action adapter,reports/evidence/G6/BR-011.json + raw-log hash,G6,PARTIALLY_IMPLEMENTED
BR-012,"work/irb_2_4.md §Q3.11`; `DEC-048`; Decision Register `DEC-023–DEC-025`; Prompt Master `IRB-3`, `IRB-17`.",WS-09,OCOR-DEV-0047,OCOR-DEV-0065,requirement-bound synthetic mission-thread case,selected real C1-C8 service stack,reports/evidence/G6/BR-012.json + raw-log hash,G6,PARTIALLY_IMPLEMENTED
BR-013,"work/irb_2_4.md §Q4.2`; `DEC-051`; Context Pack §6.1.1; Decision Register `DEC-023`, `DEC-026`; `ARC-017`.",WS-11,OCOR-DEV-0048,OCOR-DEV-0064,security and non-interference fault case,OPA/Keycloak/SPIFFE/OpenBao,reports/evidence/G6/BR-013.json + raw-log hash,G6,DOCUMENTATION_ONLY
BR-014,"work/irb_2_4.md §Q4.8`; `DEC-057`; Context Pack `DEC-002`, `DEC-007`, `DEC-009`, `DEC-010`; `ARC-010–ARC-015`; Fonte B parti IV–VII; Decision Register `DEC-016–DEC-018`, `DEC-024`.",WS-07,OCOR-DEV-0043,OCOR-DEV-0063,44-FSM positive/negative/durable-effect case,PostgreSQL + OPA/Keycloak + action adapter,reports/evidence/G6/BR-014.json + raw-log hash,G6,PARTIALLY_IMPLEMENTED
BR-015,"Q17.1` / `DEC-186`; `DEC-017`, `DEC-018`, `DEC-023`; `BR-003",WS-07,OCOR-DEV-0043,OCOR-DEV-0063,44-FSM positive/negative/durable-effect case,PostgreSQL + OPA/Keycloak + action adapter,reports/evidence/G6/BR-015.json + raw-log hash,G6,PARTIALLY_IMPLEMENTED
BR-016,Q17.7` / `DEC-192`; `DEC-026`; `BR-015`; Prompt Master `IRB-17,WS-11,OCOR-DEV-0048,OCOR-DEV-0064,security and non-interference fault case,OPA/Keycloak/SPIFFE/OpenBao,reports/evidence/G6/BR-016.json + raw-log hash,G6,DOCUMENTATION_ONLY
BR-017,"Q17.7` / `DEC-192`; `DEC-024`, `DEC-025`; Prompt Master `IRB-17",WS-01,OCOR-DEV-0009,OCOR-DEV-0065,requirement-bound synthetic mission-thread case,selected real C1-C8 service stack,reports/evidence/G6/BR-017.json + raw-log hash,G6,PARTIALLY_IMPLEMENTED
BR-018,"Q17.7` / `DEC-192`; `DEC-025`; Prompt Master `IRB-11`, `IRB-13`, `IRB-17",WS-13,OCOR-DEV-0067,OCOR-DEV-0065,requirement-bound synthetic mission-thread case,selected real C1-C8 service stack,reports/evidence/G6/BR-018.json + raw-log hash,G6,PARTIALLY_IMPLEMENTED
FR-001,"work/irb_2_4.md §Q2.2`; `DEC-031`; Prompt Master `IRB-2`; Context Pack Fonte B §§32–45, 70–83, 96; `DEC-007`, `DEC-011`; `ARC-014–ARC-016`.",WS-09,OCOR-DEV-0046,OCOR-DEV-0065,requirement-bound synthetic mission-thread case,selected real C1-C8 service stack,reports/evidence/G6/FR-001.json + raw-log hash,G6,PARTIALLY_IMPLEMENTED
FR-002,"work/irb_2_4.md §Q2.3`; `DEC-032`; Context Pack `ARC-001`, `ARC-002`, `ARC-014`; Fonte B §§41, 81; `DEC-020`.",WS-07,OCOR-DEV-0043,OCOR-DEV-0063,44-FSM positive/negative/durable-effect case,PostgreSQL + OPA/Keycloak + action adapter,reports/evidence/G6/FR-002.json + raw-log hash,G6,PARTIALLY_IMPLEMENTED
FR-003,"work/irb_2_4.md §Q2.4`; `DEC-033`; Decision Register `DEC-018`, `DEC-026`, `DEC-027`; Context Pack `ARC-014`; Fonte B §81.",WS-07,OCOR-DEV-0043,OCOR-DEV-0063,44-FSM positive/negative/durable-effect case,PostgreSQL + OPA/Keycloak + action adapter,reports/evidence/G6/FR-003.json + raw-log hash,G6,PARTIALLY_IMPLEMENTED
FR-004,"work/irb_2_4.md §Q2.5`; `DEC-034`; Context Pack `DEC-007`; `ARC-015`, `ARC-016`; Fonte B §§70–72, 83; Fonte D `agent-kernel`.",WS-09,OCOR-DEV-0047,OCOR-DEV-0065,requirement-bound synthetic mission-thread case,selected real C1-C8 service stack,reports/evidence/G6/FR-004.json + raw-log hash,G6,PARTIALLY_IMPLEMENTED
FR-005,"work/irb_2_4.md §Q2.6`; `DEC-035`; Context Pack `ARC-001`, `ARC-010`, `ARC-011`; `DEC-012`; Fonte B §§47–51, 31.",WS-06,OCOR-DEV-0040,OCOR-DEV-0065,requirement-bound synthetic mission-thread case,selected real C1-C8 service stack,reports/evidence/G6/FR-005.json + raw-log hash,G6,ABSENT
FR-006,"work/irb_2_4.md §Q2.7`; `DEC-036`; Context Pack `ARC-016`; Fonte B §§33, 35–42, 79; Decision Register `DEC-020`, `BR-005`.",WS-10,OCOR-DEV-0050,OCOR-DEV-0062,FGM qualifying case plus requirement-specific negative fixture,real memory metadata/content/full-text/vector stack,reports/evidence/G6/FR-006.json + raw-log hash,G6,ABSENT
FR-007,"work/irb_2_4.md §Q3.3`; `DEC-040`; Context Pack `ARC-004`, `ARC-010`, `ARC-017`; Fonte B §§46–55, 91; `BR-002`; `EV-001`.",WS-03,OCOR-DEV-0034,OCOR-DEV-0065,requirement-bound synthetic mission-thread case,selected real C1-C8 service stack,reports/evidence/G6/FR-007.json + raw-log hash,G6,ABSENT
FR-008,"work/irb_2_4.md §Q3.4`; `DEC-041`; Context Pack §6.1.3; `DEC-010–DEC-012`; `ARC-011`, `ARC-014`; Decision Register `DEC-018`, `DEC-025`.",WS-07,OCOR-DEV-0043,OCOR-DEV-0063,44-FSM positive/negative/durable-effect case,PostgreSQL + OPA/Keycloak + action adapter,reports/evidence/G6/FR-008.json + raw-log hash,G6,PARTIALLY_IMPLEMENTED
FR-009,"work/irb_2_4.md §Q3.5`; `DEC-042`; Context Pack `DEC-009`; `ARC-012`, `ARC-013`; Fonte B §§61–69; `EV-001`.",WS-08,OCOR-DEV-0045,OCOR-DEV-0065,requirement-bound synthetic mission-thread case,selected real C1-C8 service stack,reports/evidence/G6/FR-009.json + raw-log hash,G6,ABSENT
FR-010,"work/irb_2_4.md §Q3.6`; `DEC-043`; Context Pack `DEC-007`; `ARC-015`; Fonte B §§70–83; Decision Register `DEC-017`, `DEC-018`.",WS-10,OCOR-DEV-0054,OCOR-DEV-0062,FGM qualifying case plus requirement-specific negative fixture,real memory metadata/content/full-text/vector stack,reports/evidence/G6/FR-010.json + raw-log hash,G6,ABSENT
FR-011,"work/irb_2_4.md §Q3.7`; `DEC-044`; Context Pack `DEC-015`; `ARC-009`, `ARC-017`; Fonte B §§43, 51, 59, 81; `NFR-003`, `NFR-004`.",WS-07,OCOR-DEV-0043,OCOR-DEV-0063,44-FSM positive/negative/durable-effect case,PostgreSQL + OPA/Keycloak + action adapter,reports/evidence/G6/FR-011.json + raw-log hash,G6,PARTIALLY_IMPLEMENTED
FR-012,"work/irb_2_4.md §Q3.8`; `DEC-045`; Context Pack `ARC-010`; Fonte B §55; Decision Register `DEC-026`, `DEC-027`; `EV-005`.",WS-07,OCOR-DEV-0043,OCOR-DEV-0063,44-FSM positive/negative/durable-effect case,PostgreSQL + OPA/Keycloak + action adapter,reports/evidence/G6/FR-012.json + raw-log hash,G6,PARTIALLY_IMPLEMENTED
FR-013,"work/irb_2_4.md §Q3.9`; `DEC-046`; Decision Register `DEC-017`, `DEC-025`, `DEC-027`; `RSK-003`.",WS-08,OCOR-DEV-0045,OCOR-DEV-0065,requirement-bound synthetic mission-thread case,selected real C1-C8 service stack,reports/evidence/G6/FR-013.json + raw-log hash,G6,ABSENT
FR-014,"work/irb_2_4.md §Q4.1`; `DEC-050`; Context Pack v1.0 §6.1.1, Fonte A; `ARC-017`; baseline `PRB-2026-08-29`.",WS-13,OCOR-DEV-0067,OCOR-DEV-0065,requirement-bound synthetic mission-thread case,selected real C1-C8 service stack,reports/evidence/G6/FR-014.json + raw-log hash,G6,PARTIALLY_IMPLEMENTED
FR-015,"work/irb_2_4.md §Q4.3`; `DEC-052`; Context Pack `DEC-001–DEC-004`, `DEC-008`; Decision Register `DEC-020`; Fonte A; `OOS-008`.",WS-02,OCOR-DEV-0032,OCOR-DEV-0065,requirement-bound synthetic mission-thread case,selected real C1-C8 service stack,reports/evidence/G6/FR-015.json + raw-log hash,G6,PARTIALLY_IMPLEMENTED
FR-016,"work/irb_2_4.md §Q4.4`; `DEC-053`; Context Pack `DEC-008`, `DEC-012`; `ARC-004`; Fonte B §§92–93; Decision Register `DEC-020`.",WS-09,OCOR-DEV-0047,OCOR-DEV-0065,requirement-bound synthetic mission-thread case,selected real C1-C8 service stack,reports/evidence/G6/FR-016.json + raw-log hash,G6,PARTIALLY_IMPLEMENTED
FR-017,work/irb_2_4.md §Q4.4`; `DEC-053`; Context Pack §6.1.1; `ARC-017`; `OOS-009`.,WS-13,OCOR-DEV-0067,OCOR-DEV-0065,requirement-bound synthetic mission-thread case,selected real C1-C8 service stack,reports/evidence/G6/FR-017.json + raw-log hash,G6,PARTIALLY_IMPLEMENTED
FR-018,work/irb_2_4.md §Q4.5`; `DEC-054`; Context Pack Fonte A; Fonte B §§85–87; `ARC-017`; `OI-012`.,WS-02,OCOR-DEV-0032,OCOR-DEV-0065,requirement-bound synthetic mission-thread case,selected real C1-C8 service stack,reports/evidence/G6/FR-018.json + raw-log hash,G6,PARTIALLY_IMPLEMENTED
FR-019,"work/irb_2_4.md §Q4.6`; `DEC-055`; Context Pack `DEC-012`; `ARC-002`, `ARC-009`; `OOS-010`.",WS-05,OCOR-DEV-0039,OCOR-DEV-0065,requirement-bound synthetic mission-thread case,selected real C1-C8 service stack,reports/evidence/G6/FR-019.json + raw-log hash,G6,ABSENT
FR-020,"work/irb_2_4.md §Q4.7`; `DEC-056`; Context Pack Fonte A §§2–11 e §13; §6.1.1; Fonte B §§65, 88, 91–93; Prompt Master `IRB-4`, Matrice A.",WS-11,OCOR-DEV-0048,OCOR-DEV-0064,security and non-interference fault case,OPA/Keycloak/SPIFFE/OpenBao,reports/evidence/G6/FR-020.json + raw-log hash,G6,DOCUMENTATION_ONLY
FR-021,"work/irb_2_4.md §Q4.9`; `DEC-058`; Context Pack `ARC-017`, §6.1.1; Prompt Master `IRB-4`.",WS-11,OCOR-DEV-0048,OCOR-DEV-0064,security and non-interference fault case,OPA/Keycloak/SPIFFE/OpenBao,reports/evidence/G6/FR-021.json + raw-log hash,G6,DOCUMENTATION_ONLY
FR-022,"Context Pack §6.2; Prompt Master, Matrice B",WS-13,OCOR-DEV-0067,OCOR-DEV-0065,requirement-bound synthetic mission-thread case,selected real C1-C8 service stack,reports/evidence/G6/FR-022.json + raw-log hash,G6,PARTIALLY_IMPLEMENTED
FR-023,Fonte B §§1.1–1.3; Context Pack §6.2,WS-02,OCOR-DEV-0032,OCOR-DEV-0065,requirement-bound synthetic mission-thread case,selected real C1-C8 service stack,reports/evidence/G6/FR-023.json + raw-log hash,G6,PARTIALLY_IMPLEMENTED
FR-024,"Fonte B §§2–11; Context Pack §6.2, righe 1, 3, 5–17",WS-02,OCOR-DEV-0032,OCOR-DEV-0065,requirement-bound synthetic mission-thread case,selected real C1-C8 service stack,reports/evidence/G6/FR-024.json + raw-log hash,G6,PARTIALLY_IMPLEMENTED
FR-025,"ARC-004`; Fonte B §§6, 55 e 94; Context Pack §6.2, righe 4, 58 e 91",WS-03,OCOR-DEV-0034,OCOR-DEV-0065,requirement-bound synthetic mission-thread case,selected real C1-C8 service stack,reports/evidence/G6/FR-025.json + raw-log hash,G6,ABSENT
FR-026,"Fonte B §§12–16; `ARC-011`; Context Pack §6.2, righe 18–21",WS-08,OCOR-DEV-0045,OCOR-DEV-0065,requirement-bound synthetic mission-thread case,selected real C1-C8 service stack,reports/evidence/G6/FR-026.json + raw-log hash,G6,ABSENT
FR-027,"Fonte B §§11, 16, 23–24, 56–60 e 91; Context Pack §6.2, righe 16–17, 22, 28, 59–61 e 88",WS-03,OCOR-DEV-0034,OCOR-DEV-0065,requirement-bound synthetic mission-thread case,selected real C1-C8 service stack,reports/evidence/G6/FR-027.json + raw-log hash,G6,ABSENT
FR-028,"Fonte B §§46–49, 53–54 e 60; Context Pack §6.2, righe 50–53, 56–57 e 61",WS-07,OCOR-DEV-0042,OCOR-DEV-0063,44-FSM positive/negative/durable-effect case,PostgreSQL + OPA/Keycloak + action adapter,reports/evidence/G6/FR-028.json + raw-log hash,G6,PARTIALLY_IMPLEMENTED
FR-029,"Fonte B §§50–52; Context Pack §6.2, righe 54–55; criterio architetturale Fonte B §106.7",WS-13,OCOR-DEV-0067,OCOR-DEV-0065,requirement-bound synthetic mission-thread case,selected real C1-C8 service stack,reports/evidence/G6/FR-029.json + raw-log hash,G6,PARTIALLY_IMPLEMENTED
FR-030,"Fonte B §§54–55; Context Pack §6.2, righe 57–58; Fonte B §106.8",WS-03,OCOR-DEV-0034,OCOR-DEV-0065,requirement-bound synthetic mission-thread case,selected real C1-C8 service stack,reports/evidence/G6/FR-030.json + raw-log hash,G6,ABSENT
FR-031,"Context Pack §6.1.3; Fonte B §§17–22, 26 e 29; `ARC-014`; Context Pack §6.2, righe 23–27, 30, 32, 34, 37, 52 e 89",WS-07,OCOR-DEV-0043,OCOR-DEV-0063,44-FSM positive/negative/durable-effect case,PostgreSQL + OPA/Keycloak + action adapter,reports/evidence/G6/FR-031.json + raw-log hash,G6,PARTIALLY_IMPLEMENTED
FR-032,"Fonte B §§27–31; Context Pack §6.2, righe 31–34",WS-07,OCOR-DEV-0044,OCOR-DEV-0063,44-FSM positive/negative/durable-effect case,PostgreSQL + OPA/Keycloak + action adapter,reports/evidence/G6/FR-032.json + raw-log hash,G6,PARTIALLY_IMPLEMENTED
FR-033,"ARC-011`; Fonte B §§31, 43 e 81; Context Pack §6.2, righe 35, 47 e 78",WS-07,OCOR-DEV-0043,OCOR-DEV-0063,44-FSM positive/negative/durable-effect case,PostgreSQL + OPA/Keycloak + action adapter,reports/evidence/G6/FR-033.json + raw-log hash,G6,PARTIALLY_IMPLEMENTED
FR-034,"Fonte B §§61–64 e 69; `ARC-012`; Context Pack §6.2, righe 62–65 e 70",WS-08,OCOR-DEV-0045,OCOR-DEV-0065,requirement-bound synthetic mission-thread case,selected real C1-C8 service stack,reports/evidence/G6/FR-034.json + raw-log hash,G6,ABSENT
FR-035,"Fonte B §§65–68; `DEC-009`, `DEC-010`; `ARC-013`; Context Pack §6.2, righe 36 e 66–69",WS-08,OCOR-DEV-0045,OCOR-DEV-0065,requirement-bound synthetic mission-thread case,selected real C1-C8 service stack,reports/evidence/G6/FR-035.json + raw-log hash,G6,ABSENT
FR-036,"Fonte B §§73–75; Fonte C §3.4; Context Pack §6.2, righe 73–74",WS-01,OCOR-DEV-0009,OCOR-DEV-0065,requirement-bound synthetic mission-thread case,selected real C1-C8 service stack,reports/evidence/G6/FR-036.json + raw-log hash,G6,PARTIALLY_IMPLEMENTED
FR-037,"Fonte B §§32–45 e 96; `ARC-015`, `ARC-016`; Context Pack §6.2, righe 38–49 e 93",WS-07,OCOR-DEV-0043,OCOR-DEV-0063,44-FSM positive/negative/durable-effect case,PostgreSQL + OPA/Keycloak + action adapter,reports/evidence/G6/FR-037.json + raw-log hash,G6,PARTIALLY_IMPLEMENTED
FR-038,"Fonte B §§70–83; `DEC-007`; `ARC-015`; Context Pack §6.2, righe 71–80",WS-10,OCOR-DEV-0055,OCOR-DEV-0062,FGM qualifying case plus requirement-specific negative fixture,real memory metadata/content/full-text/vector stack,reports/evidence/G6/FR-038.json + raw-log hash,G6,ABSENT
FR-039,"Fonte B §§84–97; Context Pack §6.2, righe 81–94; Prompt Master, Matrice B",WS-02,OCOR-DEV-0033,OCOR-DEV-0065,requirement-bound synthetic mission-thread case,selected real C1-C8 service stack,reports/evidence/G6/FR-039.json + raw-log hash,G6,PARTIALLY_IMPLEMENTED
FR-040,DEC-003`; `DEC-004`; Fonte C §§2.1–2.2; Fonte D §§D.3–D.4,WS-02,OCOR-DEV-0032,OCOR-DEV-0065,requirement-bound synthetic mission-thread case,selected real C1-C8 service stack,reports/evidence/G6/FR-040.json + raw-log hash,G6,PARTIALLY_IMPLEMENTED
FR-041,"Fonte B §§3, 85 e 96; Fonte C §2.3; Context Pack §6.2, righe 2, 82 e 93",WS-02,OCOR-DEV-0032,OCOR-DEV-0065,requirement-bound synthetic mission-thread case,selected real C1-C8 service stack,reports/evidence/G6/FR-041.json + raw-log hash,G6,PARTIALLY_IMPLEMENTED
FR-042,"Fonte B §89; Fonte C §§2.1, 2.2 e 2.5; Context Pack §6.2, riga 86",WS-02,OCOR-DEV-0032,OCOR-DEV-0065,requirement-bound synthetic mission-thread case,selected real C1-C8 service stack,reports/evidence/G6/FR-042.json + raw-log hash,G6,PARTIALLY_IMPLEMENTED
FR-043,Fonte C §2.4; Fonte D §§D.3–D.4; `ARC-005,WS-07,OCOR-DEV-0042,OCOR-DEV-0063,44-FSM positive/negative/durable-effect case,PostgreSQL + OPA/Keycloak + action adapter,reports/evidence/G6/FR-043.json + raw-log hash,G6,PARTIALLY_IMPLEMENTED
FR-044,"DEC-012`; Fonte C §2.4; Fonte D §D.4; Context Pack §6.2, riga 90",WS-02,OCOR-DEV-0032,OCOR-DEV-0065,requirement-bound synthetic mission-thread case,selected real C1-C8 service stack,reports/evidence/G6/FR-044.json + raw-log hash,G6,PARTIALLY_IMPLEMENTED
FR-045,"Fonte B §§86–88; Fonte C §2.5; Context Pack §6.2, righe 84–85",WS-08,OCOR-DEV-0045,OCOR-DEV-0065,requirement-bound synthetic mission-thread case,selected real C1-C8 service stack,reports/evidence/G6/FR-045.json + raw-log hash,G6,ABSENT
FR-046,"Context Pack §6.1.4; Fonte C §2.5; Fonte D, `OaCRelease operator`; `ARC-009",WS-01,OCOR-DEV-0009,OCOR-DEV-0065,requirement-bound synthetic mission-thread case,selected real C1-C8 service stack,reports/evidence/G6/FR-046.json + raw-log hash,G6,PARTIALLY_IMPLEMENTED
FR-047,DEC-007`; `DEC-008`; Fonte B §93; Fonte D §§D.3–D.5,WS-09,OCOR-DEV-0047,OCOR-DEV-0065,requirement-bound synthetic mission-thread case,selected real C1-C8 service stack,reports/evidence/G6/FR-047.json + raw-log hash,G6,PARTIALLY_IMPLEMENTED
FR-048,Fonte D §§D.3–D.5 e D.11,WS-09,OCOR-DEV-0046,OCOR-DEV-0065,requirement-bound synthetic mission-thread case,selected real C1-C8 service stack,reports/evidence/G6/FR-048.json + raw-log hash,G6,PARTIALLY_IMPLEMENTED
FR-049,Fonte B §85; Fonte C §2; Fonte D §D.3; proposta ratificata in Q6.8,WS-02,OCOR-DEV-0033,OCOR-DEV-0065,requirement-bound synthetic mission-thread case,selected real C1-C8 service stack,reports/evidence/G6/FR-049.json + raw-log hash,G6,PARTIALLY_IMPLEMENTED
FR-050,"Prompt Master, IRB-6; Fonte C §2.5",WS-02,OCOR-DEV-0033,OCOR-DEV-0065,requirement-bound synthetic mission-thread case,selected real C1-C8 service stack,reports/evidence/G6/FR-050.json + raw-log hash,G6,PARTIALLY_IMPLEMENTED
FR-051,"Fonte B §90; Fonte C §§2.5–2.6; `ARC-017`; Context Pack §6.2, righe 87 e 92",WS-02,OCOR-DEV-0033,OCOR-DEV-0065,requirement-bound synthetic mission-thread case,selected real C1-C8 service stack,reports/evidence/G6/FR-051.json + raw-log hash,G6,PARTIALLY_IMPLEMENTED
FR-052,"Prompt Master, IRB-6, “esperienza sviluppatore e toolchain locale/CI”",WS-09,OCOR-DEV-0047,OCOR-DEV-0065,requirement-bound synthetic mission-thread case,selected real C1-C8 service stack,reports/evidence/G6/FR-052.json + raw-log hash,G6,PARTIALLY_IMPLEMENTED
FR-053,"CP `ARC-007`,`ARC-010`; Fonte B §§47–55; `DEC-079",WS-10,OCOR-DEV-0058,OCOR-DEV-0061,FGM qualifying case plus requirement-specific negative fixture,real memory metadata/content/full-text/vector stack,reports/evidence/G6/FR-053.json + raw-log hash,G6,ABSENT
FR-054,Fonte B §§50–55; `DEC-079,WS-07,OCOR-DEV-0043,OCOR-DEV-0063,44-FSM positive/negative/durable-effect case,PostgreSQL + OPA/Keycloak + action adapter,reports/evidence/G6/FR-054.json + raw-log hash,G6,PARTIALLY_IMPLEMENTED
FR-055,"DEC-008`,`DEC-012`; Fonte C §2.4; `DEC-080",WS-03,OCOR-DEV-0034,OCOR-DEV-0065,requirement-bound synthetic mission-thread case,selected real C1-C8 service stack,reports/evidence/G6/FR-055.json + raw-log hash,G6,ABSENT
FR-056,"ARC-006`,`ARC-008`,`ARC-016`; Fonte D §D.5; `DEC-080",WS-09,OCOR-DEV-0046,OCOR-DEV-0065,requirement-bound synthetic mission-thread case,selected real C1-C8 service stack,reports/evidence/G6/FR-056.json + raw-log hash,G6,PARTIALLY_IMPLEMENTED
FR-057,"CP §6.1.5; `ARC-002`,`ARC-009`; `DEC-081",WS-04,OCOR-DEV-0036,OCOR-DEV-0065,requirement-bound synthetic mission-thread case,selected real C1-C8 service stack,reports/evidence/G6/FR-057.json + raw-log hash,G6,PARTIALLY_IMPLEMENTED
FR-058,Fonte A §8.1; Fonte B §23; `DEC-082,WS-01,OCOR-DEV-0009,OCOR-DEV-0065,requirement-bound synthetic mission-thread case,selected real C1-C8 service stack,reports/evidence/G6/FR-058.json + raw-log hash,G6,PARTIALLY_IMPLEMENTED
FR-059,Fonte A §8.2; Fonte B §24; `ARC-014`; `DEC-082,WS-07,OCOR-DEV-0042,OCOR-DEV-0063,44-FSM positive/negative/durable-effect case,PostgreSQL + OPA/Keycloak + action adapter,reports/evidence/G6/FR-059.json + raw-log hash,G6,PARTIALLY_IMPLEMENTED
FR-060,Fonte A §§8.3–8.7; Fonte B §25; `DEC-083,WS-08,OCOR-DEV-0045,OCOR-DEV-0065,requirement-bound synthetic mission-thread case,selected real C1-C8 service stack,reports/evidence/G6/FR-060.json + raw-log hash,G6,ABSENT
FR-061,"ARC-010`,`ARC-011`; `DEC-083",WS-07,OCOR-DEV-0042,OCOR-DEV-0063,44-FSM positive/negative/durable-effect case,PostgreSQL + OPA/Keycloak + action adapter,reports/evidence/G6/FR-061.json + raw-log hash,G6,PARTIALLY_IMPLEMENTED
FR-062,"ARC-007`,`ARC-014`; Fonte B §§29–31; `DEC-084",WS-04,OCOR-DEV-0036,OCOR-DEV-0065,requirement-bound synthetic mission-thread case,selected real C1-C8 service stack,reports/evidence/G6/FR-062.json + raw-log hash,G6,PARTIALLY_IMPLEMENTED
FR-063,Fonte B §28; `DEC-084,WS-01,OCOR-DEV-0009,OCOR-DEV-0065,requirement-bound synthetic mission-thread case,selected real C1-C8 service stack,reports/evidence/G6/FR-063.json + raw-log hash,G6,PARTIALLY_IMPLEMENTED
FR-064,ARC-009`; Fonte C §1.4; `DEC-085,WS-06,OCOR-DEV-0041,OCOR-DEV-0065,requirement-bound synthetic mission-thread case,selected real C1-C8 service stack,reports/evidence/G6/FR-064.json + raw-log hash,G6,ABSENT
FR-065,"ARC-005`,`ARC-006`,`ARC-009`; Fonte C §2.6; `DEC-085",WS-06,OCOR-DEV-0041,OCOR-DEV-0065,requirement-bound synthetic mission-thread case,selected real C1-C8 service stack,reports/evidence/G6/FR-065.json + raw-log hash,G6,ABSENT
FR-066,"DEC-010`; `ARC-007`,`ARC-013`; Fonte B §88; `DEC-086",WS-08,OCOR-DEV-0045,OCOR-DEV-0065,requirement-bound synthetic mission-thread case,selected real C1-C8 service stack,reports/evidence/G6/FR-066.json + raw-log hash,G6,ABSENT
FR-067,"DEC-010`; `ARC-007`,`ARC-014`; `DEC-086",WS-11,OCOR-DEV-0048,OCOR-DEV-0064,security and non-interference fault case,OPA/Keycloak/SPIFFE/OpenBao,reports/evidence/G6/FR-067.json + raw-log hash,G6,DOCUMENTATION_ONLY
FR-068,DEC-022`; `ARC-016`; Fonte B §§33–39; `DEC-087,WS-06,OCOR-DEV-0040,OCOR-DEV-0065,requirement-bound synthetic mission-thread case,selected real C1-C8 service stack,reports/evidence/G6/FR-068.json + raw-log hash,G6,ABSENT
FR-069,"Fonte B §§48,92,94; Fonte C §1.4; `DEC-089",WS-06,OCOR-DEV-0040,OCOR-DEV-0065,requirement-bound synthetic mission-thread case,selected real C1-C8 service stack,reports/evidence/G6/FR-069.json + raw-log hash,G6,ABSENT
FR-070,DEC-012`; `ARC-007`; Fonte D §D.3; `DEC-089,WS-06,OCOR-DEV-0040,OCOR-DEV-0065,requirement-bound synthetic mission-thread case,selected real C1-C8 service stack,reports/evidence/G6/FR-070.json + raw-log hash,G6,ABSENT
FR-071,ARC-009`; Fonte C §1.4; `DEC-090,WS-06,OCOR-DEV-0040,OCOR-DEV-0065,requirement-bound synthetic mission-thread case,selected real C1-C8 service stack,reports/evidence/G6/FR-071.json + raw-log hash,G6,ABSENT
FR-072,"Fonte D §§D.2,D.10; `DEC-090",WS-06,OCOR-DEV-0041,OCOR-DEV-0065,requirement-bound synthetic mission-thread case,selected real C1-C8 service stack,reports/evidence/G6/FR-072.json + raw-log hash,G6,ABSENT
FR-073,Fonte B §92; `DEC-091,WS-01,OCOR-DEV-0009,OCOR-DEV-0065,requirement-bound synthetic mission-thread case,selected real C1-C8 service stack,reports/evidence/G6/FR-073.json + raw-log hash,G6,PARTIALLY_IMPLEMENTED
FR-074,Prompt IRB-8; Fonte B §30.1; `DEC-091,WS-06,OCOR-DEV-0040,OCOR-DEV-0065,requirement-bound synthetic mission-thread case,selected real C1-C8 service stack,reports/evidence/G6/FR-074.json + raw-log hash,G6,ABSENT
FR-075,"BR-003`; Fonte B §§31,48,80–81; `DEC-092",WS-07,OCOR-DEV-0043,OCOR-DEV-0063,44-FSM positive/negative/durable-effect case,PostgreSQL + OPA/Keycloak + action adapter,reports/evidence/G6/FR-075.json + raw-log hash,G6,PARTIALLY_IMPLEMENTED
FR-076,"ARC-011`; Fonte B §§31,102–103; `DEC-092",WS-07,OCOR-DEV-0043,OCOR-DEV-0063,44-FSM positive/negative/durable-effect case,PostgreSQL + OPA/Keycloak + action adapter,reports/evidence/G6/FR-076.json + raw-log hash,G6,PARTIALLY_IMPLEMENTED
FR-077,"DEC-010`,`DEC-011`; CP §6.1.3; `ARC-014`; `DEC-093",WS-07,OCOR-DEV-0043,OCOR-DEV-0063,44-FSM positive/negative/durable-effect case,PostgreSQL + OPA/Keycloak + action adapter,reports/evidence/G6/FR-077.json + raw-log hash,G6,PARTIALLY_IMPLEMENTED
FR-078,ARC-014`; Fonte D §D.3; `DEC-093,WS-07,OCOR-DEV-0043,OCOR-DEV-0063,44-FSM positive/negative/durable-effect case,PostgreSQL + OPA/Keycloak + action adapter,reports/evidence/G6/FR-078.json + raw-log hash,G6,PARTIALLY_IMPLEMENTED
FR-079,DEC-018`; Fonte B §81; `DEC-094,WS-07,OCOR-DEV-0043,OCOR-DEV-0063,44-FSM positive/negative/durable-effect case,PostgreSQL + OPA/Keycloak + action adapter,reports/evidence/G6/FR-079.json + raw-log hash,G6,PARTIALLY_IMPLEMENTED
FR-080,Fonte B §§30–31; Fonte D §D.3; `DEC-095,WS-07,OCOR-DEV-0044,OCOR-DEV-0063,44-FSM positive/negative/durable-effect case,PostgreSQL + OPA/Keycloak + action adapter,reports/evidence/G6/FR-080.json + raw-log hash,G6,PARTIALLY_IMPLEMENTED
FR-081,ARC-014`; Fonte B §30.1; `DEC-095,WS-01,OCOR-DEV-0009,OCOR-DEV-0065,requirement-bound synthetic mission-thread case,selected real C1-C8 service stack,reports/evidence/G6/FR-081.json + raw-log hash,G6,PARTIALLY_IMPLEMENTED
FR-082,"DEC-012`,`DEC-020`; CP §6.1; `DEC-096",WS-07,OCOR-DEV-0043,OCOR-DEV-0063,44-FSM positive/negative/durable-effect case,PostgreSQL + OPA/Keycloak + action adapter,reports/evidence/G6/FR-082.json + raw-log hash,G6,PARTIALLY_IMPLEMENTED
FR-083,ARC-011`; Fonte D §D.6; `DEC-096,WS-07,OCOR-DEV-0044,OCOR-DEV-0063,44-FSM positive/negative/durable-effect case,PostgreSQL + OPA/Keycloak + action adapter,reports/evidence/G6/FR-083.json + raw-log hash,G6,PARTIALLY_IMPLEMENTED
FR-084,Fonte A §8.7; Fonte B §26; `DEC-097,WS-06,OCOR-DEV-0040,OCOR-DEV-0065,requirement-bound synthetic mission-thread case,selected real C1-C8 service stack,reports/evidence/G6/FR-084.json + raw-log hash,G6,ABSENT
FR-085,DEC-011`; `ARC-014`; `DEC-097,WS-07,OCOR-DEV-0042,OCOR-DEV-0063,44-FSM positive/negative/durable-effect case,PostgreSQL + OPA/Keycloak + action adapter,reports/evidence/G6/FR-085.json + raw-log hash,G6,PARTIALLY_IMPLEMENTED
FR-086,"DEC-009`; `ARC-011`,`ARC-012`; `DEC-099",WS-08,OCOR-DEV-0045,OCOR-DEV-0065,requirement-bound synthetic mission-thread case,selected real C1-C8 service stack,reports/evidence/G6/FR-086.json + raw-log hash,G6,ABSENT
FR-087,Prompt IRB-9; Fonte D §D.7; `DEC-099,WS-01,OCOR-DEV-0009,OCOR-DEV-0065,requirement-bound synthetic mission-thread case,selected real C1-C8 service stack,reports/evidence/G6/FR-087.json + raw-log hash,G6,PARTIALLY_IMPLEMENTED
FR-088,"Fonte B §§61–63,69; `ARC-001`; `DEC-100",WS-08,OCOR-DEV-0045,OCOR-DEV-0065,requirement-bound synthetic mission-thread case,selected real C1-C8 service stack,reports/evidence/G6/FR-088.json + raw-log hash,G6,ABSENT
FR-089,"ARC-011`,`ARC-012`; Fonte B §§12,62; `DEC-100",WS-08,OCOR-DEV-0045,OCOR-DEV-0065,requirement-bound synthetic mission-thread case,selected real C1-C8 service stack,reports/evidence/G6/FR-089.json + raw-log hash,G6,ABSENT
FR-090,Fonte B §63.1; `DEC-101,WS-08,OCOR-DEV-0045,OCOR-DEV-0065,requirement-bound synthetic mission-thread case,selected real C1-C8 service stack,reports/evidence/G6/FR-090.json + raw-log hash,G6,ABSENT
FR-091,Fonte D §D.7; `DEC-101,WS-08,OCOR-DEV-0045,OCOR-DEV-0065,requirement-bound synthetic mission-thread case,selected real C1-C8 service stack,reports/evidence/G6/FR-091.json + raw-log hash,G6,ABSENT
FR-092,ARC-013`; Fonte C §3.2; `DEC-102,WS-08,OCOR-DEV-0045,OCOR-DEV-0065,requirement-bound synthetic mission-thread case,selected real C1-C8 service stack,reports/evidence/G6/FR-092.json + raw-log hash,G6,ABSENT
FR-093,CP §6.1 definizione SimulationResult; `DEC-102,WS-08,OCOR-DEV-0045,OCOR-DEV-0065,requirement-bound synthetic mission-thread case,selected real C1-C8 service stack,reports/evidence/G6/FR-093.json + raw-log hash,G6,ABSENT
FR-094,ARC-012`; Fonte C §3.1; `DEC-103,WS-08,OCOR-DEV-0045,OCOR-DEV-0065,requirement-bound synthetic mission-thread case,selected real C1-C8 service stack,reports/evidence/G6/FR-094.json + raw-log hash,G6,ABSENT
FR-095,Fonte B §66; Fonte C §3.1; `DEC-103`; `DEC-205,WS-07,OCOR-DEV-0042,OCOR-DEV-0063,44-FSM positive/negative/durable-effect case,PostgreSQL + OPA/Keycloak + action adapter,reports/evidence/G6/FR-095.json + raw-log hash,G6,PARTIALLY_IMPLEMENTED
FR-096,ARC-011`; Fonte B §64; `DEC-103,WS-07,OCOR-DEV-0043,OCOR-DEV-0063,44-FSM positive/negative/durable-effect case,PostgreSQL + OPA/Keycloak + action adapter,reports/evidence/G6/FR-096.json + raw-log hash,G6,PARTIALLY_IMPLEMENTED
FR-097,"Fonte B §§53,63,67–69; `DEC-104",WS-08,OCOR-DEV-0045,OCOR-DEV-0065,requirement-bound synthetic mission-thread case,selected real C1-C8 service stack,reports/evidence/G6/FR-097.json + raw-log hash,G6,ABSENT
FR-098,Fonte B §69; Fonte D §D.7; `DEC-104,WS-01,OCOR-DEV-0009,OCOR-DEV-0065,requirement-bound synthetic mission-thread case,selected real C1-C8 service stack,reports/evidence/G6/FR-098.json + raw-log hash,G6,PARTIALLY_IMPLEMENTED
FR-099,"Fonte B §§68,73–75,80–81; `DEC-105",WS-08,OCOR-DEV-0045,OCOR-DEV-0065,requirement-bound synthetic mission-thread case,selected real C1-C8 service stack,reports/evidence/G6/FR-099.json + raw-log hash,G6,ABSENT
FR-100,ARC-011`; `DEC-105,WS-07,OCOR-DEV-0043,OCOR-DEV-0063,44-FSM positive/negative/durable-effect case,PostgreSQL + OPA/Keycloak + action adapter,reports/evidence/G6/FR-100.json + raw-log hash,G6,PARTIALLY_IMPLEMENTED
FR-101,Fonte B §§73–74; Fonte C §3.4; `DEC-106,WS-08,OCOR-DEV-0045,OCOR-DEV-0065,requirement-bound synthetic mission-thread case,selected real C1-C8 service stack,reports/evidence/G6/FR-101.json + raw-log hash,G6,ABSENT
FR-102,DEC-010`; Fonte D §D.3; `DEC-106,WS-07,OCOR-DEV-0042,OCOR-DEV-0063,44-FSM positive/negative/durable-effect case,PostgreSQL + OPA/Keycloak + action adapter,reports/evidence/G6/FR-102.json + raw-log hash,G6,PARTIALLY_IMPLEMENTED
FR-103,Fonte C §3.5; Fonte D §D.8; `DEC-107,WS-11,OCOR-DEV-0048,OCOR-DEV-0064,security and non-interference fault case,OPA/Keycloak/SPIFFE/OpenBao,reports/evidence/G6/FR-103.json + raw-log hash,G6,DOCUMENTATION_ONLY
FR-104,CP §6.1.3; Fonte B §81; `DEC-108,WS-07,OCOR-DEV-0043,OCOR-DEV-0063,44-FSM positive/negative/durable-effect case,PostgreSQL + OPA/Keycloak + action adapter,reports/evidence/G6/FR-104.json + raw-log hash,G6,PARTIALLY_IMPLEMENTED
FR-105,ARC-014`; CP §6.1.3; `DEC-108,WS-07,OCOR-DEV-0043,OCOR-DEV-0063,44-FSM positive/negative/durable-effect case,PostgreSQL + OPA/Keycloak + action adapter,reports/evidence/G6/FR-105.json + raw-log hash,G6,PARTIALLY_IMPLEMENTED
FR-106,DEC-007`; `ARC-015`; Fonte B §70; `DEC-110,WS-09,OCOR-DEV-0047,OCOR-DEV-0065,requirement-bound synthetic mission-thread case,selected real C1-C8 service stack,reports/evidence/G6/FR-106.json + raw-log hash,G6,PARTIALLY_IMPLEMENTED
FR-107,Fonte D §D.5; `DEC-110,WS-09,OCOR-DEV-0046,OCOR-DEV-0065,requirement-bound synthetic mission-thread case,selected real C1-C8 service stack,reports/evidence/G6/FR-107.json + raw-log hash,G6,PARTIALLY_IMPLEMENTED
FR-108,Fonte B §71; Fonte D §D.4; `DEC-111,WS-07,OCOR-DEV-0044,OCOR-DEV-0063,44-FSM positive/negative/durable-effect case,PostgreSQL + OPA/Keycloak + action adapter,reports/evidence/G6/FR-108.json + raw-log hash,G6,PARTIALLY_IMPLEMENTED
FR-109,DEC-020`; Fonte B §72; `DEC-111,WS-09,OCOR-DEV-0047,OCOR-DEV-0065,requirement-bound synthetic mission-thread case,selected real C1-C8 service stack,reports/evidence/G6/FR-109.json + raw-log hash,G6,PARTIALLY_IMPLEMENTED
FR-110,DEC-018`; Fonte B §83; `DEC-112,WS-11,OCOR-DEV-0048,OCOR-DEV-0064,security and non-interference fault case,OPA/Keycloak/SPIFFE/OpenBao,reports/evidence/G6/FR-110.json + raw-log hash,G6,DOCUMENTATION_ONLY
FR-111,DEC-018`; `ARC-015`; `DEC-112,WS-07,OCOR-DEV-0043,OCOR-DEV-0063,44-FSM positive/negative/durable-effect case,PostgreSQL + OPA/Keycloak + action adapter,reports/evidence/G6/FR-111.json + raw-log hash,G6,PARTIALLY_IMPLEMENTED
FR-112,Fonte B §41; `ARC-015`; `DEC-113,WS-02,OCOR-DEV-0032,OCOR-DEV-0065,requirement-bound synthetic mission-thread case,selected real C1-C8 service stack,reports/evidence/G6/FR-112.json + raw-log hash,G6,PARTIALLY_IMPLEMENTED
FR-113,"ARC-015`; Fonte B §§73,75,78–81; `DEC-113",WS-10,OCOR-DEV-0050,OCOR-DEV-0061,FGM qualifying case plus requirement-specific negative fixture,real memory metadata/content/full-text/vector stack,reports/evidence/G6/FR-113.json + raw-log hash,G6,ABSENT
FR-114,"Fonte B §§75–77,82; `DEC-114",WS-09,OCOR-DEV-0046,OCOR-DEV-0065,requirement-bound synthetic mission-thread case,selected real C1-C8 service stack,reports/evidence/G6/FR-114.json + raw-log hash,G6,PARTIALLY_IMPLEMENTED
FR-115,DEC-007`; Fonte D §D.3; `DEC-114,WS-10,OCOR-DEV-0051,OCOR-DEV-0061,FGM qualifying case plus requirement-specific negative fixture,real memory metadata/content/full-text/vector stack,reports/evidence/G6/FR-115.json + raw-log hash,G6,ABSENT
FR-116,Fonte B §78; `DEC-115,WS-02,OCOR-DEV-0032,OCOR-DEV-0065,requirement-bound synthetic mission-thread case,selected real C1-C8 service stack,reports/evidence/G6/FR-116.json + raw-log hash,G6,PARTIALLY_IMPLEMENTED
FR-117,"ARC-010`,`ARC-015`; `DEC-115",WS-11,OCOR-DEV-0048,OCOR-DEV-0064,security and non-interference fault case,OPA/Keycloak/SPIFFE/OpenBao,reports/evidence/G6/FR-117.json + raw-log hash,G6,DOCUMENTATION_ONLY
FR-118,Fonte B §79; `DEC-116`; `CC-FULL-GOVERNED-AGENT-MEMORY`; `DEC-208,WS-10,OCOR-DEV-0056,OCOR-DEV-0062,FGM qualifying case plus requirement-specific negative fixture,real memory metadata/content/full-text/vector stack,reports/evidence/G6/FR-118.json + raw-log hash,G6,ABSENT
FR-119,"ARC-016`; Fonte B §§33,79; `DEC-116`; `CC-FULL-GOVERNED-AGENT-MEMORY`; `DEC-208",WS-10,OCOR-DEV-0053,OCOR-DEV-0061,FGM qualifying case plus requirement-specific negative fixture,real memory metadata/content/full-text/vector stack,reports/evidence/G6/FR-119.json + raw-log hash,G6,ABSENT
FR-120,ARC-015`; Fonte B §83; `DEC-117,WS-09,OCOR-DEV-0047,OCOR-DEV-0065,requirement-bound synthetic mission-thread case,selected real C1-C8 service stack,reports/evidence/G6/FR-120.json + raw-log hash,G6,PARTIALLY_IMPLEMENTED
FR-121,"Fonte B §§75–76,83; `DEC-117",WS-01,OCOR-DEV-0009,OCOR-DEV-0065,requirement-bound synthetic mission-thread case,selected real C1-C8 service stack,reports/evidence/G6/FR-121.json + raw-log hash,G6,PARTIALLY_IMPLEMENTED
FR-122,DEC-018`; Fonte B §81; `DEC-118,WS-07,OCOR-DEV-0043,OCOR-DEV-0063,44-FSM positive/negative/durable-effect case,PostgreSQL + OPA/Keycloak + action adapter,reports/evidence/G6/FR-122.json + raw-log hash,G6,PARTIALLY_IMPLEMENTED
FR-123,DEC-026`; `ARC-014`; `DEC-118,WS-07,OCOR-DEV-0043,OCOR-DEV-0063,44-FSM positive/negative/durable-effect case,PostgreSQL + OPA/Keycloak + action adapter,reports/evidence/G6/FR-123.json + raw-log hash,G6,PARTIALLY_IMPLEMENTED
FR-124,"ARC-015`,`ARC-017`; Fonte B §§80–83; `DEC-119",WS-07,OCOR-DEV-0043,OCOR-DEV-0063,44-FSM positive/negative/durable-effect case,PostgreSQL + OPA/Keycloak + action adapter,reports/evidence/G6/FR-124.json + raw-log hash,G6,PARTIALLY_IMPLEMENTED
FR-125,EV-001`; `ARC-017`; `DEC-119,WS-09,OCOR-DEV-0047,OCOR-DEV-0065,requirement-bound synthetic mission-thread case,selected real C1-C8 service stack,reports/evidence/G6/FR-125.json + raw-log hash,G6,PARTIALLY_IMPLEMENTED
FR-126,ARC-015`; Fonte B §83; `DEC-119,WS-09,OCOR-DEV-0047,OCOR-DEV-0065,requirement-bound synthetic mission-thread case,selected real C1-C8 service stack,reports/evidence/G6/FR-126.json + raw-log hash,G6,PARTIALLY_IMPLEMENTED
FR-127,ARC-014`–`ARC-016`; `DEC-120,WS-09,OCOR-DEV-0047,OCOR-DEV-0065,requirement-bound synthetic mission-thread case,selected real C1-C8 service stack,reports/evidence/G6/FR-127.json + raw-log hash,G6,PARTIALLY_IMPLEMENTED
FR-128,ARC-015`; Prompt IRB-10; `DEC-120,WS-11,OCOR-DEV-0048,OCOR-DEV-0064,security and non-interference fault case,OPA/Keycloak/SPIFFE/OpenBao,reports/evidence/G6/FR-128.json + raw-log hash,G6,DOCUMENTATION_ONLY
FR-129,Q11.2 → DEC-123,WS-09,OCOR-DEV-0046,OCOR-DEV-0065,requirement-bound synthetic mission-thread case,selected real C1-C8 service stack,reports/evidence/G6/FR-129.json + raw-log hash,G6,PARTIALLY_IMPLEMENTED
FR-130,Q11.3 → DEC-124,WS-07,OCOR-DEV-0043,OCOR-DEV-0063,44-FSM positive/negative/durable-effect case,PostgreSQL + OPA/Keycloak + action adapter,reports/evidence/G6/FR-130.json + raw-log hash,G6,PARTIALLY_IMPLEMENTED
FR-131,Q11.5 → DEC-126,WS-10,OCOR-DEV-0053,OCOR-DEV-0061,FGM qualifying case plus requirement-specific negative fixture,real memory metadata/content/full-text/vector stack,reports/evidence/G6/FR-131.json + raw-log hash,G6,ABSENT
FR-132,Q11.5 → DEC-126,WS-07,OCOR-DEV-0043,OCOR-DEV-0063,44-FSM positive/negative/durable-effect case,PostgreSQL + OPA/Keycloak + action adapter,reports/evidence/G6/FR-132.json + raw-log hash,G6,PARTIALLY_IMPLEMENTED
FR-133,Q11.6 → DEC-127,WS-02,OCOR-DEV-0032,OCOR-DEV-0065,requirement-bound synthetic mission-thread case,selected real C1-C8 service stack,reports/evidence/G6/FR-133.json + raw-log hash,G6,PARTIALLY_IMPLEMENTED
FR-134,Q11.7 → DEC-128,WS-07,OCOR-DEV-0044,OCOR-DEV-0063,44-FSM positive/negative/durable-effect case,PostgreSQL + OPA/Keycloak + action adapter,reports/evidence/G6/FR-134.json + raw-log hash,G6,PARTIALLY_IMPLEMENTED
FR-135,Q11.9 → DEC-130,WS-10,OCOR-DEV-0055,OCOR-DEV-0061,FGM qualifying case plus requirement-specific negative fixture,real memory metadata/content/full-text/vector stack,reports/evidence/G6/FR-135.json + raw-log hash,G6,ABSENT
FR-136,Q11.10 → DEC-131,WS-07,OCOR-DEV-0043,OCOR-DEV-0063,44-FSM positive/negative/durable-effect case,PostgreSQL + OPA/Keycloak + action adapter,reports/evidence/G6/FR-136.json + raw-log hash,G6,PARTIALLY_IMPLEMENTED
FR-137,Q11.10 → DEC-131,WS-07,OCOR-DEV-0043,OCOR-DEV-0063,44-FSM positive/negative/durable-effect case,PostgreSQL + OPA/Keycloak + action adapter,reports/evidence/G6/FR-137.json + raw-log hash,G6,PARTIALLY_IMPLEMENTED
FR-138,Q11.11 → DEC-132,WS-05,OCOR-DEV-0039,OCOR-DEV-0065,requirement-bound synthetic mission-thread case,selected real C1-C8 service stack,reports/evidence/G6/FR-138.json + raw-log hash,G6,ABSENT
FR-139,Q11.11 → DEC-132,WS-07,OCOR-DEV-0044,OCOR-DEV-0063,44-FSM positive/negative/durable-effect case,PostgreSQL + OPA/Keycloak + action adapter,reports/evidence/G6/FR-139.json + raw-log hash,G6,PARTIALLY_IMPLEMENTED
FR-140,Q11.12 → DEC-133,WS-10,OCOR-DEV-0050,OCOR-DEV-0062,FGM qualifying case plus requirement-specific negative fixture,real memory metadata/content/full-text/vector stack,reports/evidence/G6/FR-140.json + raw-log hash,G6,ABSENT
FR-141,Q11.13 → DEC-134,WS-07,OCOR-DEV-0042,OCOR-DEV-0063,44-FSM positive/negative/durable-effect case,PostgreSQL + OPA/Keycloak + action adapter,reports/evidence/G6/FR-141.json + raw-log hash,G6,PARTIALLY_IMPLEMENTED
FR-142,Q11.14 → DEC-135,WS-01,OCOR-DEV-0009,OCOR-DEV-0065,requirement-bound synthetic mission-thread case,selected real C1-C8 service stack,reports/evidence/G6/FR-142.json + raw-log hash,G6,PARTIALLY_IMPLEMENTED
FR-143,Q12.1 → DEC-137,WS-11,OCOR-DEV-0048,OCOR-DEV-0064,security and non-interference fault case,OPA/Keycloak/SPIFFE/OpenBao,reports/evidence/G6/FR-143.json + raw-log hash,G6,DOCUMENTATION_ONLY
FR-144,Q12.2 → DEC-138,WS-07,OCOR-DEV-0043,OCOR-DEV-0063,44-FSM positive/negative/durable-effect case,PostgreSQL + OPA/Keycloak + action adapter,reports/evidence/G6/FR-144.json + raw-log hash,G6,PARTIALLY_IMPLEMENTED
FR-145,Q12.3 → DEC-139,WS-08,OCOR-DEV-0045,OCOR-DEV-0065,requirement-bound synthetic mission-thread case,selected real C1-C8 service stack,reports/evidence/G6/FR-145.json + raw-log hash,G6,ABSENT
FR-146,Q12.4 → DEC-140,WS-07,OCOR-DEV-0044,OCOR-DEV-0063,44-FSM positive/negative/durable-effect case,PostgreSQL + OPA/Keycloak + action adapter,reports/evidence/G6/FR-146.json + raw-log hash,G6,PARTIALLY_IMPLEMENTED
FR-147,Q12.4 → DEC-140,WS-07,OCOR-DEV-0043,OCOR-DEV-0063,44-FSM positive/negative/durable-effect case,PostgreSQL + OPA/Keycloak + action adapter,reports/evidence/G6/FR-147.json + raw-log hash,G6,PARTIALLY_IMPLEMENTED
FR-148,Q12.5 → DEC-141,WS-05,OCOR-DEV-0039,OCOR-DEV-0065,requirement-bound synthetic mission-thread case,selected real C1-C8 service stack,reports/evidence/G6/FR-148.json + raw-log hash,G6,ABSENT
FR-149,Q12.6 → DEC-142,WS-07,OCOR-DEV-0043,OCOR-DEV-0063,44-FSM positive/negative/durable-effect case,PostgreSQL + OPA/Keycloak + action adapter,reports/evidence/G6/FR-149.json + raw-log hash,G6,PARTIALLY_IMPLEMENTED
FR-150,Q12.7 → DEC-143,WS-13,OCOR-DEV-0067,OCOR-DEV-0065,requirement-bound synthetic mission-thread case,selected real C1-C8 service stack,reports/evidence/G6/FR-150.json + raw-log hash,G6,PARTIALLY_IMPLEMENTED
FR-151,Q12.8 → DEC-144,WS-07,OCOR-DEV-0043,OCOR-DEV-0063,44-FSM positive/negative/durable-effect case,PostgreSQL + OPA/Keycloak + action adapter,reports/evidence/G6/FR-151.json + raw-log hash,G6,PARTIALLY_IMPLEMENTED
FR-152,Q12.9 → DEC-145,WS-02,OCOR-DEV-0032,OCOR-DEV-0065,requirement-bound synthetic mission-thread case,selected real C1-C8 service stack,reports/evidence/G6/FR-152.json + raw-log hash,G6,PARTIALLY_IMPLEMENTED
FR-153,Q12.10 → DEC-146,WS-11,OCOR-DEV-0048,OCOR-DEV-0064,security and non-interference fault case,OPA/Keycloak/SPIFFE/OpenBao,reports/evidence/G6/FR-153.json + raw-log hash,G6,DOCUMENTATION_ONLY
FR-154,Q12.12 → DEC-148,WS-07,OCOR-DEV-0043,OCOR-DEV-0063,44-FSM positive/negative/durable-effect case,PostgreSQL + OPA/Keycloak + action adapter,reports/evidence/G6/FR-154.json + raw-log hash,G6,PARTIALLY_IMPLEMENTED
FR-155,Q13.7 → DEC-156,WS-07,OCOR-DEV-0042,OCOR-DEV-0063,44-FSM positive/negative/durable-effect case,PostgreSQL + OPA/Keycloak + action adapter,reports/evidence/G6/FR-155.json + raw-log hash,G6,PARTIALLY_IMPLEMENTED
FR-156,Q13.8 → DEC-157,WS-12,OCOR-DEV-0049,OCOR-DEV-0066,deployment/recovery/air-gap qualification,complete offline PoC stack,reports/evidence/G6/FR-156.json + raw-log hash,G6,ABSENT
FR-157,Q13.10 → DEC-159,WS-07,OCOR-DEV-0042,OCOR-DEV-0063,44-FSM positive/negative/durable-effect case,PostgreSQL + OPA/Keycloak + action adapter,reports/evidence/G6/FR-157.json + raw-log hash,G6,PARTIALLY_IMPLEMENTED
FR-158,Q13.10 → DEC-159,WS-07,OCOR-DEV-0044,OCOR-DEV-0063,44-FSM positive/negative/durable-effect case,PostgreSQL + OPA/Keycloak + action adapter,reports/evidence/G6/FR-158.json + raw-log hash,G6,PARTIALLY_IMPLEMENTED
FR-159,Q13.11 → DEC-160,WS-07,OCOR-DEV-0042,OCOR-DEV-0063,44-FSM positive/negative/durable-effect case,PostgreSQL + OPA/Keycloak + action adapter,reports/evidence/G6/FR-159.json + raw-log hash,G6,PARTIALLY_IMPLEMENTED
FR-160,Q13.14 → DEC-163,WS-11,OCOR-DEV-0048,OCOR-DEV-0064,security and non-interference fault case,OPA/Keycloak/SPIFFE/OpenBao,reports/evidence/G6/FR-160.json + raw-log hash,G6,DOCUMENTATION_ONLY
FR-161,"Q14.2` / `DEC-166`; Prompt Master `IRB-9`, `IRB-14`; Context Pack Fonte C §3.5",WS-13,OCOR-DEV-0067,OCOR-DEV-0065,requirement-bound synthetic mission-thread case,selected real C1-C8 service stack,reports/evidence/G6/FR-161.json + raw-log hash,G6,PARTIALLY_IMPLEMENTED
FR-162,Q14.3` / `DEC-167`; `ARC-014`; Context Pack §6.1.3 e Fonte D §D.6,WS-07,OCOR-DEV-0043,OCOR-DEV-0063,44-FSM positive/negative/durable-effect case,PostgreSQL + OPA/Keycloak + action adapter,reports/evidence/G6/FR-162.json + raw-log hash,G6,PARTIALLY_IMPLEMENTED
FR-163,Q14.5` / `DEC-169`; Context Pack Fonte B §30.1; Fonte C §4.1; `DEC-011,WS-04,OCOR-DEV-0036,OCOR-DEV-0065,requirement-bound synthetic mission-thread case,selected real C1-C8 service stack,reports/evidence/G6/FR-163.json + raw-log hash,G6,PARTIALLY_IMPLEMENTED
FR-164,"Q15.1` / `DEC-172`; `DEC-003`, `DEC-015`; Context Pack Fonte C §§2.3–2.5",WS-09,OCOR-DEV-0047,OCOR-DEV-0065,requirement-bound synthetic mission-thread case,selected real C1-C8 service stack,reports/evidence/G6/FR-164.json + raw-log hash,G6,PARTIALLY_IMPLEMENTED
FR-165,Q15.1` / `DEC-172`; `ARC-005`; Context Pack Fonte B §88; Fonte C §2.6,WS-09,OCOR-DEV-0047,OCOR-DEV-0065,requirement-bound synthetic mission-thread case,selected real C1-C8 service stack,reports/evidence/G6/FR-165.json + raw-log hash,G6,PARTIALLY_IMPLEMENTED
FR-166,"Q15.2` / `DEC-173`; `DEC-017`, `DEC-018`, `DEC-023`; Context Pack Fonte B §§44, 95, 97",WS-07,OCOR-DEV-0043,OCOR-DEV-0063,44-FSM positive/negative/durable-effect case,PostgreSQL + OPA/Keycloak + action adapter,reports/evidence/G6/FR-166.json + raw-log hash,G6,PARTIALLY_IMPLEMENTED
FR-167,"Q15.2` / `DEC-173`; Prompt Master `IRB-15`; Context Pack Fonte B §§89, 95, 97",WS-07,OCOR-DEV-0042,OCOR-DEV-0063,44-FSM positive/negative/durable-effect case,PostgreSQL + OPA/Keycloak + action adapter,reports/evidence/G6/FR-167.json + raw-log hash,G6,PARTIALLY_IMPLEMENTED
FR-168,"Q16.1` / `DEC-178`; `ARC-008`; Context Pack Fonte C §§1.2, 4.1; Prompt Master `IRB-16",WS-05,OCOR-DEV-0038,OCOR-DEV-0065,requirement-bound synthetic mission-thread case,selected real C1-C8 service stack,reports/evidence/G6/FR-168.json + raw-log hash,G6,ABSENT
FR-169,"Q16.1` / `DEC-178`; `DEC-007`, `DEC-008`, `DEC-012`; Context Pack Fonte B §93; Fonte D §§D.4–D.5",WS-09,OCOR-DEV-0047,OCOR-DEV-0065,requirement-bound synthetic mission-thread case,selected real C1-C8 service stack,reports/evidence/G6/FR-169.json + raw-log hash,G6,PARTIALLY_IMPLEMENTED
FR-170,"Q16.3` / `DEC-180`; `DEC-015`, `DEC-020`; `ARC-004`; Context Pack Fonte B §§85, 87",WS-06,OCOR-DEV-0040,OCOR-DEV-0065,requirement-bound synthetic mission-thread case,selected real C1-C8 service stack,reports/evidence/G6/FR-170.json + raw-log hash,G6,ABSENT
FR-171,"Q16.7` / `DEC-184`; `DEC-001`, `DEC-014`; Prompt Master `IRB-4`, `IRB-16`; Context Pack Fonte A §1.4/§2",WS-01,OCOR-DEV-0009,OCOR-DEV-0065,requirement-bound synthetic mission-thread case,selected real C1-C8 service stack,reports/evidence/G6/FR-171.json + raw-log hash,G6,PARTIALLY_IMPLEMENTED
FR-172,"Q17.2` / `DEC-187`; `DEC-023`, `DEC-024`; Context Pack Fonte D §§D.3–D.6",WS-07,OCOR-DEV-0043,OCOR-DEV-0063,44-FSM positive/negative/durable-effect case,PostgreSQL + OPA/Keycloak + action adapter,reports/evidence/G6/FR-172.json + raw-log hash,G6,PARTIALLY_IMPLEMENTED
FR-173,Q17.2` / `DEC-187`; `DEC-025`; OOS-001–OOS-005; Context Pack Fonte D §D.6,WS-01,OCOR-DEV-0009,OCOR-DEV-0065,requirement-bound synthetic mission-thread case,selected real C1-C8 service stack,reports/evidence/G6/FR-173.json + raw-log hash,G6,PARTIALLY_IMPLEMENTED
FR-174,"Q17.5` / `DEC-190`; `ARC-015`; Prompt Master `IRB-10`, `IRB-11`, `IRB-17",WS-10,OCOR-DEV-0054,OCOR-DEV-0062,FGM qualifying case plus requirement-specific negative fixture,real memory metadata/content/full-text/vector stack,reports/evidence/G6/FR-174.json + raw-log hash,G6,ABSENT
NFR-001,"DEC-020, ARC-018",WS-12,OCOR-DEV-0049,OCOR-DEV-0066,deployment/recovery/air-gap qualification,complete offline PoC stack,reports/evidence/G6/NFR-001.json + raw-log hash,G6,ABSENT
NFR-002,"DEC-021, ARC-019",WS-01,OCOR-DEV-0009,OCOR-DEV-0065,requirement-bound synthetic mission-thread case,selected real C1-C8 service stack,reports/evidence/G6/NFR-002.json + raw-log hash,G6,PARTIALLY_IMPLEMENTED
NFR-003,DEC-026,WS-07,OCOR-DEV-0043,OCOR-DEV-0063,44-FSM positive/negative/durable-effect case,PostgreSQL + OPA/Keycloak + action adapter,reports/evidence/G6/NFR-003.json + raw-log hash,G6,PARTIALLY_IMPLEMENTED
NFR-004,DEC-027,WS-08,OCOR-DEV-0045,OCOR-DEV-0065,requirement-bound synthetic mission-thread case,selected real C1-C8 service stack,reports/evidence/G6/NFR-004.json + raw-log hash,G6,ABSENT
NFR-005,"work/irb_2_4.md §Q2.4`; `DEC-033`; Context Pack `ARC-014`, `ARC-017`; `EV-002`.",WS-07,OCOR-DEV-0043,OCOR-DEV-0063,44-FSM positive/negative/durable-effect case,PostgreSQL + OPA/Keycloak + action adapter,reports/evidence/G6/NFR-005.json + raw-log hash,G6,PARTIALLY_IMPLEMENTED
NFR-006,"work/irb_2_4.md §Q2.7`; `DEC-036`; Context Pack `ARC-016`, `ARC-017`; Fonte B §§35–39, 51.",WS-10,OCOR-DEV-0050,OCOR-DEV-0062,FGM qualifying case plus requirement-specific negative fixture,real memory metadata/content/full-text/vector stack,reports/evidence/G6/NFR-006.json + raw-log hash,G6,ABSENT
NFR-007,"work/irb_2_4.md §Q3.5`; `DEC-042`; Context Pack `ARC-013`, `ARC-017`; Fonte B §§65–69.",WS-08,OCOR-DEV-0045,OCOR-DEV-0065,requirement-bound synthetic mission-thread case,selected real C1-C8 service stack,reports/evidence/G6/NFR-007.json + raw-log hash,G6,ABSENT
NFR-008,"work/irb_2_4.md §Q3.7`; `DEC-044`; Context Pack `ARC-009`, `ARC-017`; `NFR-003`, `NFR-004`.",WS-07,OCOR-DEV-0043,OCOR-DEV-0063,44-FSM positive/negative/durable-effect case,PostgreSQL + OPA/Keycloak + action adapter,reports/evidence/G6/NFR-008.json + raw-log hash,G6,PARTIALLY_IMPLEMENTED
NFR-009,"work/irb_2_4.md §Q3.10`; `DEC-047`; Decision Register `DEC-026`, `DEC-027`; `NFR-003`, `NFR-004`; `OI-008`.",WS-07,OCOR-DEV-0043,OCOR-DEV-0063,44-FSM positive/negative/durable-effect case,PostgreSQL + OPA/Keycloak + action adapter,reports/evidence/G6/NFR-009.json + raw-log hash,G6,PARTIALLY_IMPLEMENTED
NFR-010,"work/irb_2_4.md §Q4.2`; `DEC-051`; Context Pack `ARC-017`, §6.1.1; Prompt Master `IRB-4`.",WS-11,OCOR-DEV-0048,OCOR-DEV-0064,security and non-interference fault case,OPA/Keycloak/SPIFFE/OpenBao,reports/evidence/G6/NFR-010.json + raw-log hash,G6,DOCUMENTATION_ONLY
NFR-011,"work/irb_2_4.md §Q4.9`; `DEC-058`; Context Pack `ARC-017`; Prompt Master `IRB-4`, `IRB-18`; `EV-007`.",WS-13,OCOR-DEV-0067,OCOR-DEV-0065,requirement-bound synthetic mission-thread case,selected real C1-C8 service stack,reports/evidence/G6/NFR-011.json + raw-log hash,G6,PARTIALLY_IMPLEMENTED
NFR-012,DEC-008`; `DEC-012`; `ARC-004,WS-06,OCOR-DEV-0040,OCOR-DEV-0065,requirement-bound synthetic mission-thread case,selected real C1-C8 service stack,reports/evidence/G6/NFR-012.json + raw-log hash,G6,ABSENT
NFR-013,ARC-003`; Fonte C §2.2,WS-07,OCOR-DEV-0043,OCOR-DEV-0063,44-FSM positive/negative/durable-effect case,PostgreSQL + OPA/Keycloak + action adapter,reports/evidence/G6/NFR-013.json + raw-log hash,G6,PARTIALLY_IMPLEMENTED
NFR-014,Fonte B §§54–59; Fonte B §106.8–10,WS-13,OCOR-DEV-0067,OCOR-DEV-0065,requirement-bound synthetic mission-thread case,selected real C1-C8 service stack,reports/evidence/G6/NFR-014.json + raw-log hash,G6,PARTIALLY_IMPLEMENTED
NFR-015,ARC-013`; Fonte C §3.2,WS-08,OCOR-DEV-0045,OCOR-DEV-0065,requirement-bound synthetic mission-thread case,selected real C1-C8 service stack,reports/evidence/G6/NFR-015.json + raw-log hash,G6,ABSENT
NFR-016,"ARC-015`; Fonte B §§70, 78–83",WS-10,OCOR-DEV-0050,OCOR-DEV-0062,FGM qualifying case plus requirement-specific negative fixture,real memory metadata/content/full-text/vector stack,reports/evidence/G6/NFR-016.json + raw-log hash,G6,ABSENT
NFR-017,"Prompt Master, Matrice B; `ARC-017`; Context Pack §6.2",WS-01,OCOR-DEV-0009,OCOR-DEV-0065,requirement-bound synthetic mission-thread case,selected real C1-C8 service stack,reports/evidence/G6/NFR-017.json + raw-log hash,G6,PARTIALLY_IMPLEMENTED
NFR-018,DEC-015`; Fonte C §§2.3–2.5,WS-02,OCOR-DEV-0032,OCOR-DEV-0065,requirement-bound synthetic mission-thread case,selected real C1-C8 service stack,reports/evidence/G6/NFR-018.json + raw-log hash,G6,PARTIALLY_IMPLEMENTED
NFR-019,ARC-017`; Fonte C §§2.1 e 2.5,WS-11,OCOR-DEV-0048,OCOR-DEV-0064,security and non-interference fault case,OPA/Keycloak/SPIFFE/OpenBao,reports/evidence/G6/NFR-019.json + raw-log hash,G6,DOCUMENTATION_ONLY
NFR-020,Fonte C §2.6; Fonte D §D.4,WS-02,OCOR-DEV-0033,OCOR-DEV-0065,requirement-bound synthetic mission-thread case,selected real C1-C8 service stack,reports/evidence/G6/NFR-020.json + raw-log hash,G6,PARTIALLY_IMPLEMENTED
NFR-021,DEC-015`; Fonte C §§2.3 e 2.5; Fonte D §§D.1–D.4,WS-13,OCOR-DEV-0067,OCOR-DEV-0065,requirement-bound synthetic mission-thread case,selected real C1-C8 service stack,reports/evidence/G6/NFR-021.json + raw-log hash,G6,PARTIALLY_IMPLEMENTED
NFR-022,DEC-008`; `DEC-012`; Fonte D §D.5,WS-04,OCOR-DEV-0036,OCOR-DEV-0065,requirement-bound synthetic mission-thread case,selected real C1-C8 service stack,reports/evidence/G6/NFR-022.json + raw-log hash,G6,PARTIALLY_IMPLEMENTED
NFR-023,DEC-015`; `ARC-005`; proposta ratificata in Q6.8,WS-02,OCOR-DEV-0032,OCOR-DEV-0065,requirement-bound synthetic mission-thread case,selected real C1-C8 service stack,reports/evidence/G6/NFR-023.json + raw-log hash,G6,PARTIALLY_IMPLEMENTED
NFR-024,Fonte C §1.4; `DEC-081,WS-05,OCOR-DEV-0039,OCOR-DEV-0065,requirement-bound synthetic mission-thread case,selected real C1-C8 service stack,reports/evidence/G6/NFR-024.json + raw-log hash,G6,ABSENT
NFR-025,Prompt IRB-7; `ARC-014`; `DEC-082,WS-10,OCOR-DEV-0050,OCOR-DEV-0061,FGM qualifying case plus requirement-specific negative fixture,real memory metadata/content/full-text/vector stack,reports/evidence/G6/NFR-025.json + raw-log hash,G6,ABSENT
NFR-026,"BR-005`; `ARC-016`,`ARC-017`; `DEC-087",WS-11,OCOR-DEV-0048,OCOR-DEV-0064,security and non-interference fault case,OPA/Keycloak/SPIFFE/OpenBao,reports/evidence/G6/NFR-026.json + raw-log hash,G6,DOCUMENTATION_ONLY
NFR-027,ARC-017`; Prompt IRB-8; `DEC-090,WS-01,OCOR-DEV-0009,OCOR-DEV-0065,requirement-bound synthetic mission-thread case,selected real C1-C8 service stack,reports/evidence/G6/NFR-027.json + raw-log hash,G6,PARTIALLY_IMPLEMENTED
NFR-028,Fonte D §D.2; `DEC-091,WS-06,OCOR-DEV-0041,OCOR-DEV-0065,requirement-bound synthetic mission-thread case,selected real C1-C8 service stack,reports/evidence/G6/NFR-028.json + raw-log hash,G6,ABSENT
NFR-029,"DEC-026`,`DEC-027`; `DEC-094",WS-07,OCOR-DEV-0043,OCOR-DEV-0063,44-FSM positive/negative/durable-effect case,PostgreSQL + OPA/Keycloak + action adapter,reports/evidence/G6/NFR-029.json + raw-log hash,G6,PARTIALLY_IMPLEMENTED
NFR-030,DEC-015`; `ARC-017`; Fonte C §3.3; `DEC-100,WS-08,OCOR-DEV-0045,OCOR-DEV-0065,requirement-bound synthetic mission-thread case,selected real C1-C8 service stack,reports/evidence/G6/NFR-030.json + raw-log hash,G6,ABSENT
NFR-031,DEC-027`; `ARC-014`; `DEC-101,WS-11,OCOR-DEV-0048,OCOR-DEV-0064,security and non-interference fault case,OPA/Keycloak/SPIFFE/OpenBao,reports/evidence/G6/NFR-031.json + raw-log hash,G6,DOCUMENTATION_ONLY
NFR-032,DEC-010`; `ARC-013`; `DEC-102,WS-07,OCOR-DEV-0042,OCOR-DEV-0063,44-FSM positive/negative/durable-effect case,PostgreSQL + OPA/Keycloak + action adapter,reports/evidence/G6/NFR-032.json + raw-log hash,G6,PARTIALLY_IMPLEMENTED
NFR-033,Fonte D §D.8; `DEC-107,WS-10,OCOR-DEV-0059,OCOR-DEV-0061,FGM qualifying case plus requirement-specific negative fixture,real memory metadata/content/full-text/vector stack,reports/evidence/G6/NFR-033.json + raw-log hash,G6,ABSENT
NFR-034,"DEC-008`; `ARC-006`,`ARC-015`; `DEC-111",WS-03,OCOR-DEV-0034,OCOR-DEV-0065,requirement-bound synthetic mission-thread case,selected real C1-C8 service stack,reports/evidence/G6/NFR-034.json + raw-log hash,G6,ABSENT
NFR-035,ARC-015`; Fonte B §83; `DEC-113,WS-09,OCOR-DEV-0047,OCOR-DEV-0065,requirement-bound synthetic mission-thread case,selected real C1-C8 service stack,reports/evidence/G6/NFR-035.json + raw-log hash,G6,PARTIALLY_IMPLEMENTED
NFR-036,ARC-015`; `DEC-117,WS-09,OCOR-DEV-0047,OCOR-DEV-0065,requirement-bound synthetic mission-thread case,selected real C1-C8 service stack,reports/evidence/G6/NFR-036.json + raw-log hash,G6,PARTIALLY_IMPLEMENTED
NFR-037,ARC-014`–`ARC-016`; `DEC-120,WS-03,OCOR-DEV-0034,OCOR-DEV-0065,requirement-bound synthetic mission-thread case,selected real C1-C8 service stack,reports/evidence/G6/NFR-037.json + raw-log hash,G6,ABSENT
NFR-038,Q11.1 → DEC-122,WS-08,OCOR-DEV-0045,OCOR-DEV-0065,requirement-bound synthetic mission-thread case,selected real C1-C8 service stack,reports/evidence/G6/NFR-038.json + raw-log hash,G6,ABSENT
NFR-039,Q11.2 → DEC-123,WS-01,OCOR-DEV-0009,OCOR-DEV-0065,requirement-bound synthetic mission-thread case,selected real C1-C8 service stack,reports/evidence/G6/NFR-039.json + raw-log hash,G6,PARTIALLY_IMPLEMENTED
NFR-040,Q11.3 → DEC-124,WS-03,OCOR-DEV-0034,OCOR-DEV-0065,requirement-bound synthetic mission-thread case,selected real C1-C8 service stack,reports/evidence/G6/NFR-040.json + raw-log hash,G6,ABSENT
NFR-041,Q11.4 → DEC-125,WS-12,OCOR-DEV-0049,OCOR-DEV-0066,deployment/recovery/air-gap qualification,complete offline PoC stack,reports/evidence/G6/NFR-041.json + raw-log hash,G6,ABSENT
NFR-042,Q11.6 → DEC-127,WS-12,OCOR-DEV-0049,OCOR-DEV-0066,deployment/recovery/air-gap qualification,complete offline PoC stack,reports/evidence/G6/NFR-042.json + raw-log hash,G6,ABSENT
NFR-043,Q11.7 → DEC-128,WS-12,OCOR-DEV-0049,OCOR-DEV-0066,deployment/recovery/air-gap qualification,complete offline PoC stack,reports/evidence/G6/NFR-043.json + raw-log hash,G6,ABSENT
NFR-044,Q11.8 → DEC-129,WS-01,OCOR-DEV-0009,OCOR-DEV-0065,requirement-bound synthetic mission-thread case,selected real C1-C8 service stack,reports/evidence/G6/NFR-044.json + raw-log hash,G6,PARTIALLY_IMPLEMENTED
NFR-045,Q11.8 → DEC-129,WS-01,OCOR-DEV-0009,OCOR-DEV-0065,requirement-bound synthetic mission-thread case,selected real C1-C8 service stack,reports/evidence/G6/NFR-045.json + raw-log hash,G6,PARTIALLY_IMPLEMENTED
NFR-046,Q11.9 → DEC-130,WS-01,OCOR-DEV-0009,OCOR-DEV-0065,requirement-bound synthetic mission-thread case,selected real C1-C8 service stack,reports/evidence/G6/NFR-046.json + raw-log hash,G6,PARTIALLY_IMPLEMENTED
NFR-047,Q11.11 → DEC-132,WS-07,OCOR-DEV-0044,OCOR-DEV-0063,44-FSM positive/negative/durable-effect case,PostgreSQL + OPA/Keycloak + action adapter,reports/evidence/G6/NFR-047.json + raw-log hash,G6,PARTIALLY_IMPLEMENTED
NFR-048,Q11.12 → DEC-133,WS-10,OCOR-DEV-0050,OCOR-DEV-0062,FGM qualifying case plus requirement-specific negative fixture,real memory metadata/content/full-text/vector stack,reports/evidence/G6/NFR-048.json + raw-log hash,G6,ABSENT
NFR-049,Q11.13 → DEC-134,WS-11,OCOR-DEV-0048,OCOR-DEV-0064,security and non-interference fault case,OPA/Keycloak/SPIFFE/OpenBao,reports/evidence/G6/NFR-049.json + raw-log hash,G6,DOCUMENTATION_ONLY
NFR-050,Q11.14 → DEC-135,WS-01,OCOR-DEV-0009,OCOR-DEV-0065,requirement-bound synthetic mission-thread case,selected real C1-C8 service stack,reports/evidence/G6/NFR-050.json + raw-log hash,G6,PARTIALLY_IMPLEMENTED
NFR-051,Q12.2 → DEC-138,WS-04,OCOR-DEV-0036,OCOR-DEV-0065,requirement-bound synthetic mission-thread case,selected real C1-C8 service stack,reports/evidence/G6/NFR-051.json + raw-log hash,G6,PARTIALLY_IMPLEMENTED
NFR-052,Q12.3 → DEC-139,WS-11,OCOR-DEV-0048,OCOR-DEV-0064,security and non-interference fault case,OPA/Keycloak/SPIFFE/OpenBao,reports/evidence/G6/NFR-052.json + raw-log hash,G6,DOCUMENTATION_ONLY
NFR-053,Q12.5 → DEC-141,WS-03,OCOR-DEV-0034,OCOR-DEV-0065,requirement-bound synthetic mission-thread case,selected real C1-C8 service stack,reports/evidence/G6/NFR-053.json + raw-log hash,G6,ABSENT
NFR-054,Q12.6 → DEC-142,WS-07,OCOR-DEV-0043,OCOR-DEV-0063,44-FSM positive/negative/durable-effect case,PostgreSQL + OPA/Keycloak + action adapter,reports/evidence/G6/NFR-054.json + raw-log hash,G6,PARTIALLY_IMPLEMENTED
NFR-055,Q12.7 → DEC-143,WS-03,OCOR-DEV-0034,OCOR-DEV-0065,requirement-bound synthetic mission-thread case,selected real C1-C8 service stack,reports/evidence/G6/NFR-055.json + raw-log hash,G6,ABSENT
NFR-056,Q12.9 → DEC-145,WS-11,OCOR-DEV-0048,OCOR-DEV-0064,security and non-interference fault case,OPA/Keycloak/SPIFFE/OpenBao,reports/evidence/G6/NFR-056.json + raw-log hash,G6,DOCUMENTATION_ONLY
NFR-057,Q12.10 → DEC-146,WS-02,OCOR-DEV-0033,OCOR-DEV-0065,requirement-bound synthetic mission-thread case,selected real C1-C8 service stack,reports/evidence/G6/NFR-057.json + raw-log hash,G6,PARTIALLY_IMPLEMENTED
NFR-058,Q12.11 → DEC-147,WS-08,OCOR-DEV-0045,OCOR-DEV-0065,requirement-bound synthetic mission-thread case,selected real C1-C8 service stack,reports/evidence/G6/NFR-058.json + raw-log hash,G6,ABSENT
NFR-059,Q13.1 → DEC-150,WS-01,OCOR-DEV-0009,OCOR-DEV-0065,requirement-bound synthetic mission-thread case,selected real C1-C8 service stack,reports/evidence/G6/NFR-059.json + raw-log hash,G6,PARTIALLY_IMPLEMENTED
NFR-060,Q13.1 → DEC-150,WS-03,OCOR-DEV-0034,OCOR-DEV-0065,requirement-bound synthetic mission-thread case,selected real C1-C8 service stack,reports/evidence/G6/NFR-060.json + raw-log hash,G6,ABSENT
NFR-061,Q13.2 → DEC-151,WS-06,OCOR-DEV-0040,OCOR-DEV-0065,requirement-bound synthetic mission-thread case,selected real C1-C8 service stack,reports/evidence/G6/NFR-061.json + raw-log hash,G6,ABSENT
NFR-062,Q13.3 → DEC-152,WS-02,OCOR-DEV-0032,OCOR-DEV-0065,requirement-bound synthetic mission-thread case,selected real C1-C8 service stack,reports/evidence/G6/NFR-062.json + raw-log hash,G6,PARTIALLY_IMPLEMENTED
NFR-063,Q13.4 → DEC-153,WS-11,OCOR-DEV-0048,OCOR-DEV-0064,security and non-interference fault case,OPA/Keycloak/SPIFFE/OpenBao,reports/evidence/G6/NFR-063.json + raw-log hash,G6,DOCUMENTATION_ONLY
NFR-064,Q13.5 → DEC-154,WS-11,OCOR-DEV-0048,OCOR-DEV-0064,security and non-interference fault case,OPA/Keycloak/SPIFFE/OpenBao,reports/evidence/G6/NFR-064.json + raw-log hash,G6,DOCUMENTATION_ONLY
NFR-065,Q13.6 → DEC-155,WS-12,OCOR-DEV-0049,OCOR-DEV-0066,deployment/recovery/air-gap qualification,complete offline PoC stack,reports/evidence/G6/NFR-065.json + raw-log hash,G6,ABSENT
NFR-066,Q13.6 → DEC-155,WS-07,OCOR-DEV-0042,OCOR-DEV-0063,44-FSM positive/negative/durable-effect case,PostgreSQL + OPA/Keycloak + action adapter,reports/evidence/G6/NFR-066.json + raw-log hash,G6,PARTIALLY_IMPLEMENTED
NFR-067,Q13.7 → DEC-156,WS-12,OCOR-DEV-0049,OCOR-DEV-0066,deployment/recovery/air-gap qualification,complete offline PoC stack,reports/evidence/G6/NFR-067.json + raw-log hash,G6,ABSENT
NFR-068,Q13.8 → DEC-157,WS-03,OCOR-DEV-0034,OCOR-DEV-0065,requirement-bound synthetic mission-thread case,selected real C1-C8 service stack,reports/evidence/G6/NFR-068.json + raw-log hash,G6,ABSENT
NFR-069,Q13.9 → DEC-158,WS-07,OCOR-DEV-0042,OCOR-DEV-0063,44-FSM positive/negative/durable-effect case,PostgreSQL + OPA/Keycloak + action adapter,reports/evidence/G6/NFR-069.json + raw-log hash,G6,PARTIALLY_IMPLEMENTED
NFR-070,Q13.11 → DEC-160,WS-01,OCOR-DEV-0009,OCOR-DEV-0065,requirement-bound synthetic mission-thread case,selected real C1-C8 service stack,reports/evidence/G6/NFR-070.json + raw-log hash,G6,PARTIALLY_IMPLEMENTED
NFR-071,Q13.12 → DEC-161,WS-03,OCOR-DEV-0034,OCOR-DEV-0065,requirement-bound synthetic mission-thread case,selected real C1-C8 service stack,reports/evidence/G6/NFR-071.json + raw-log hash,G6,ABSENT
NFR-072,Q13.12 → DEC-161,WS-08,OCOR-DEV-0045,OCOR-DEV-0065,requirement-bound synthetic mission-thread case,selected real C1-C8 service stack,reports/evidence/G6/NFR-072.json + raw-log hash,G6,ABSENT
NFR-073,Q13.13 → DEC-162,WS-11,OCOR-DEV-0048,OCOR-DEV-0064,security and non-interference fault case,OPA/Keycloak/SPIFFE/OpenBao,reports/evidence/G6/NFR-073.json + raw-log hash,G6,DOCUMENTATION_ONLY
NFR-074,Q13.14 → DEC-163,WS-11,OCOR-DEV-0048,OCOR-DEV-0064,security and non-interference fault case,OPA/Keycloak/SPIFFE/OpenBao,reports/evidence/G6/NFR-074.json + raw-log hash,G6,DOCUMENTATION_ONLY
NFR-075,Q14.1` / `DEC-165`; Context Pack Fonte C §§4.2–4.3; Fonte D §D.8; `ARC-017,WS-10,OCOR-DEV-0050,OCOR-DEV-0061,FGM qualifying case plus requirement-specific negative fixture,real memory metadata/content/full-text/vector stack,reports/evidence/G6/NFR-075.json + raw-log hash,G6,ABSENT
NFR-076,Q14.2` / `DEC-166`; Context Pack Fonte C §3.5; Fonte D §D.8,WS-08,OCOR-DEV-0045,OCOR-DEV-0065,requirement-bound synthetic mission-thread case,selected real C1-C8 service stack,reports/evidence/G6/NFR-076.json + raw-log hash,G6,ABSENT
NFR-077,"Q14.3` / `DEC-167`; Context Pack §6.1.5; `ARC-002`, `ARC-009`, `ARC-013",WS-09,OCOR-DEV-0047,OCOR-DEV-0065,requirement-bound synthetic mission-thread case,selected real C1-C8 service stack,reports/evidence/G6/NFR-077.json + raw-log hash,G6,PARTIALLY_IMPLEMENTED
NFR-078,Q14.4` / `DEC-168`; Context Pack Fonte C §1.5; Fonte D §§D.9–D.10; `DEC-020,WS-07,OCOR-DEV-0042,OCOR-DEV-0063,44-FSM positive/negative/durable-effect case,PostgreSQL + OPA/Keycloak + action adapter,reports/evidence/G6/NFR-078.json + raw-log hash,G6,PARTIALLY_IMPLEMENTED
NFR-079,Q14.5` / `DEC-169`; `DEC-011`; `ARC-014`–`ARC-016`; Prompt Master `IRB-14,WS-06,OCOR-DEV-0041,OCOR-DEV-0065,requirement-bound synthetic mission-thread case,selected real C1-C8 service stack,reports/evidence/G6/NFR-079.json + raw-log hash,G6,ABSENT
NFR-080,"Q14.6` / `DEC-170`; `DEC-026`, `DEC-027`; `NFR-003`, `NFR-004`; `ARC-017",WS-12,OCOR-DEV-0049,OCOR-DEV-0066,deployment/recovery/air-gap qualification,complete offline PoC stack,reports/evidence/G6/NFR-080.json + raw-log hash,G6,ABSENT
NFR-081,"Q15.3` / `DEC-174`; `ARC-014`–`ARC-016`; Prompt Master `IRB-11`, `IRB-15",WS-07,OCOR-DEV-0044,OCOR-DEV-0063,44-FSM positive/negative/durable-effect case,PostgreSQL + OPA/Keycloak + action adapter,reports/evidence/G6/NFR-081.json + raw-log hash,G6,PARTIALLY_IMPLEMENTED
NFR-082,"Q15.4` / `DEC-175`; `DEC-015`, `DEC-020`; Context Pack Fonte B §90; Fonte C §2.5",WS-08,OCOR-DEV-0045,OCOR-DEV-0065,requirement-bound synthetic mission-thread case,selected real C1-C8 service stack,reports/evidence/G6/NFR-082.json + raw-log hash,G6,ABSENT
NFR-083,Q15.5` / `DEC-176`; Prompt Master `IRB-15`; `DEC-020`; `ASM-011,WS-09,OCOR-DEV-0047,OCOR-DEV-0065,requirement-bound synthetic mission-thread case,selected real C1-C8 service stack,reports/evidence/G6/NFR-083.json + raw-log hash,G6,PARTIALLY_IMPLEMENTED
NFR-084,"Q16.2` / `DEC-179`; `DEC-020`; `ARC-017`, `ARC-022`; Context Pack Fonte C §§2.1, 2.5",WS-07,OCOR-DEV-0042,OCOR-DEV-0063,44-FSM positive/negative/durable-effect case,PostgreSQL + OPA/Keycloak + action adapter,reports/evidence/G6/NFR-084.json + raw-log hash,G6,PARTIALLY_IMPLEMENTED
NFR-085,"Q16.3` / `DEC-180`; `DEC-020`; `ARC-017`; Context Pack Fonte B §§85, 90",WS-09,OCOR-DEV-0047,OCOR-DEV-0065,requirement-bound synthetic mission-thread case,selected real C1-C8 service stack,reports/evidence/G6/NFR-085.json + raw-log hash,G6,PARTIALLY_IMPLEMENTED
NFR-086,"Q16.4` / `DEC-181`; `DEC-013`, `DEC-019`, `DEC-021`; `NFR-002`; Context Pack §6.1.6 e Fonte D §D.10",WS-11,OCOR-DEV-0048,OCOR-DEV-0064,security and non-interference fault case,OPA/Keycloak/SPIFFE/OpenBao,reports/evidence/G6/NFR-086.json + raw-log hash,G6,DOCUMENTATION_ONLY
NFR-087,"Q16.5` / `DEC-182`; `DEC-020`, `DEC-021`; Prompt Master `IRB-16",WS-11,OCOR-DEV-0048,OCOR-DEV-0064,security and non-interference fault case,OPA/Keycloak/SPIFFE/OpenBao,reports/evidence/G6/NFR-087.json + raw-log hash,G6,DOCUMENTATION_ONLY
NFR-088,"Q16.6` / `DEC-183`; `DEC-015`; `ARC-005`; Context Pack §6.1.4, Fonte B §§86–88, Fonte C §2.5",WS-08,OCOR-DEV-0045,OCOR-DEV-0065,requirement-bound synthetic mission-thread case,selected real C1-C8 service stack,reports/evidence/G6/NFR-088.json + raw-log hash,G6,ABSENT
NFR-089,"Q16.7` / `DEC-184`; Context Pack §6.1.1; `ARC-017`; Fonte A; Prompt Master `IRB-4`, `IRB-18",WS-11,OCOR-DEV-0048,OCOR-DEV-0064,security and non-interference fault case,OPA/Keycloak/SPIFFE/OpenBao,reports/evidence/G6/NFR-089.json + raw-log hash,G6,DOCUMENTATION_ONLY
NFR-090,Q17.3` / `DEC-188`; `DEC-027`; `EV-034`; Context Pack `ARC-013,WS-08,OCOR-DEV-0045,OCOR-DEV-0065,requirement-bound synthetic mission-thread case,selected real C1-C8 service stack,reports/evidence/G6/NFR-090.json + raw-log hash,G6,ABSENT
NFR-091,"Q17.4` / `DEC-189`; `DEC-026`, `DEC-027`; `NFR-003`, `NFR-004`; `EV-001",WS-07,OCOR-DEV-0043,OCOR-DEV-0063,44-FSM positive/negative/durable-effect case,PostgreSQL + OPA/Keycloak + action adapter,reports/evidence/G6/NFR-091.json + raw-log hash,G6,PARTIALLY_IMPLEMENTED
NFR-092,"Q17.4` / `DEC-189`; `DEC-026`, `DEC-027`; `ARC-010`–`ARC-017",WS-07,OCOR-DEV-0043,OCOR-DEV-0063,44-FSM positive/negative/durable-effect case,PostgreSQL + OPA/Keycloak + action adapter,reports/evidence/G6/NFR-092.json + raw-log hash,G6,PARTIALLY_IMPLEMENTED
NFR-093,Q17.6` / `DEC-191`; `DEC-015`; `ARC-017`; `RSK-002`; `EV-035,WS-07,OCOR-DEV-0043,OCOR-DEV-0063,44-FSM positive/negative/durable-effect case,PostgreSQL + OPA/Keycloak + action adapter,reports/evidence/G6/NFR-093.json + raw-log hash,G6,PARTIALLY_IMPLEMENTED
